http://www.jparksimulator.com/AsahiKaseilastics.owl,http://www.jparksimulator.com/kb/sgp/jurongisland/chemicalplants/AsahiKaseilastics.owl
http://www.jparksimulator.com/AsahiKaseiSyntheticRubber.owl,http://www.jparksimulator.com/kb/sgp/jurongisland/chemicalplants/AsahiKaseiSyntheticRubber.owl
http://www.theworldavatar.com/BiodieselPlant1WOWHR.owl,http://www.jparksimulator.com/kb/sgp/jurongisland/chemicalplants/BiodieselPlant1WOWHR.owl
http://www.jparksimulator.com/BiodieselPlant3.owl,http://www.jparksimulator.com/kb/sgp/jurongisland/chemicalplants/BiodieselPlant3.owl
http://www.jparksimulator.com/Buildings.owl,http://www.jparksimulator.com/kb/sgp/jurongisland/ontobuilding/Buildings.owl
http://www.jparksimulator.com/CCD.owl,http://www.jparksimulator.com/kb/sgp/jurongisland/chemicalplants/CCD.owl
http://www.jparksimulator.com/Celanese.owl,http://www.jparksimulator.com/kb/sgp/jurongisland/chemicalplants/Celanese.owl
http://www.jparksimulator.com/Chevron.owl,http://www.jparksimulator.com/kb/sgp/jurongisland/chemicalplants/Chevron.owl
http://www.jparksimulator.com/Denka.owl,http://www.jparksimulator.com/kb/sgp/jurongisland/chemicalplants/Denka.owl
http://www.jparksimulator.com/DICAlkyphenol.owl,http://www.jparksimulator.com/kb/sgp/jurongisland/chemicalplants/DICAlkyphenol.owl
http://www.jparksimulator.com/DuPont.owl,http://www.jparksimulator.com/kb/sgp/jurongisland/chemicalplants/DuPont.owl
http://www.jparksimulator.com/EastmanChemical.owl,http://www.jparksimulator.com/kb/sgp/jurongisland/chemicalplants/EastmanChemical.owl
http://www.theworldavatar.com/ElectricalNetwork.owl,http://www.jparksimulator.com/kb/sgp/jurongisland/ontopowsys/JurongIslandPowerNetwork.owl
http://www.jparksimulator.com/EllbaEastern.owl,http://www.jparksimulator.com/kb/sgp/jurongisland/chemicalplants/EllbaEastern.owl
http://www.jparksimulator.com/EvonikMethionineSEA.owl,http://www.jparksimulator.com/kb/sgp/jurongisland/chemicalplants/EvonikMethionineSEA.owl
http://www.jparksimulator.com/ExxonMobil.owl,http://www.jparksimulator.com/kb/sgp/jurongisland/chemicalplants/ExxonMobil.owl 
http://www.jparksimulator.com/Huntsman.owl,http://www.jparksimulator.com/kb/sgp/jurongisland/chemicalplants/Huntsman.owl
http://www.jparksimulator.com/Invista.owl,http://www.jparksimulator.com/kb/sgp/jurongisland/chemicalplants/Invista.owl
http://www.jparksimulator.com/JurongAromatics.owl,http://www.jparksimulator.com/kb/sgp/jurongisland/chemicalplants/JurongAromatics.owl
http://www.jparksimulator.com/KurarayAsiaPacific.owl,http://www.jparksimulator.com/kb/sgp/jurongisland/chemicalplants/KurarayAsiaPacific.owl
http://www.jparksimulator.com/JParkLandLots.owl,http://www.jparksimulator.com/kb/sgp/jurongisland/JParkLandLots.owl
http://www.jparksimulator.com/Lanxess.owl,http://www.jparksimulator.com/kb/sgp/jurongisland/chemicalplants/Lanxess.owl
http://www.jparksimulator.com/Lanxess-PIBPlant.owl,http://www.jparksimulator.com/kb/sgp/jurongisland/chemicalplants/Lanxess-PIBPlant.owl
http://www.jparksimulator.com/Lucite.owl,http://www.jparksimulator.com/kb/sgp/jurongisland/chemicalplants/Lucite.owl
http://www.jparksimulator.com/Mitsui.owl,http://www.jparksimulator.com/kb/sgp/jurongisland/chemicalplants/Mitsui.owl
http://www.jparksimulator.com/Perstorp.owl,http://www.jparksimulator.com/kb/sgp/jurongisland/chemicalplants/Perstorp.owl
http://www.jparksimulator.com/Petrochemical.owl,http://www.jparksimulator.com/kb/sgp/jurongisland/chemicalplants/Petrochemical.owl
http://www.jparksimulator.com/RohmandHaasChemicals.owl,http://www.jparksimulator.com/kb/sgp/jurongisland/chemicalplants/RohmandHaasChemicals.owl
http://www.jparksimulator.com/Shell.owl,http://www.jparksimulator.com/kb/sgp/jurongisland/chemicalplants/Shell.owl
http://www.jparksimulator.com/ShellChemicalsSeraya.owl,http://www.jparksimulator.com/kb/sgp/jurongisland/chemicalplants/ShellChemicalsSeraya.owl
http://www.jparksimulator.com/ShellMEG.owl,http://www.jparksimulator.com/kb/sgp/jurongisland/chemicalplants/ShellMEG.owl
http://www.jparksimulator.com/SingaporeAcrylic.owl,http://www.jparksimulator.com/kb/sgp/jurongisland/chemicalplants/SingaporeAcrylic.owl
http://www.jparksimulator.com/SingaporeGlacialAcrylic.owl,http://www.jparksimulator.com/kb/sgp/jurongisland/chemicalplants/SingaporeGlacialAcrylic.owl
http://www.jparksimulator.com/SingaporeMethylMethylacrylate.owl,http://www.jparksimulator.com/kb/sgp/jurongisland/chemicalplants/SingaporeMethylMethylacrylate.owl
http://www.jparksimulator.com/StellaChemifa.owl,http://www.jparksimulator.com/kb/sgp/jurongisland/chemicalplants/StellaChemifa.owl
http://www.jparksimulator.com/StorageTanks.owl,http://www.jparksimulator.com/kb/sgp/jurongisland/StorageTanks.owl
http://www.jparksimulator.com/SumitomoChemical.owl,http://www.jparksimulator.com/kb/sgp/jurongisland/chemicalplants/SumitomoChemical.owl
http://www.jparksimulator.com/SumitomoChemicalAsia.owl,http://www.jparksimulator.com/kb/sgp/jurongisland/chemicalplants/SumitomoChemicalAsia.owl







