item,itemLabel
http://www.wikidata.org/entity/Q7762,rosmarinic acid
http://www.wikidata.org/entity/Q11158,acid
http://www.wikidata.org/entity/Q11193,base
http://www.wikidata.org/entity/Q11364,hormone
http://www.wikidata.org/entity/Q12144,nicotine
http://www.wikidata.org/entity/Q66194,cyclic compound
http://www.wikidata.org/entity/Q66392,binary compound
http://www.wikidata.org/entity/Q93414,azobilirubin
http://www.wikidata.org/entity/Q145970,Radical clock
http://www.wikidata.org/entity/Q161647,1-methylguanosine
http://www.wikidata.org/entity/Q162657,neurotransmitter
http://www.wikidata.org/entity/Q164403,phoxim
http://www.wikidata.org/entity/Q168453,"2-[[4-[(2-amino-4-oxo-5,6,7,8-tetrahydro-1H-pteridin-6-yl)methylamino]benzoyl]amino]pentanedioic acid"
http://www.wikidata.org/entity/Q172778,plasmid
http://www.wikidata.org/entity/Q179996,(RS)-methadone
http://www.wikidata.org/entity/Q181559,camphor
http://www.wikidata.org/entity/Q181699,carbonate
http://www.wikidata.org/entity/Q188314,(*)-linalyl acetate
http://www.wikidata.org/entity/Q190065,inorganic compound
http://www.wikidata.org/entity/Q192466,DL-homocysteine
http://www.wikidata.org/entity/Q194322,DL-tartaric acid
http://www.wikidata.org/entity/Q199032,target compound
http://www.wikidata.org/entity/Q204185,(E/Z)-cinnamonitrile
http://www.wikidata.org/entity/Q205944,polybrominated diphenyl ether
http://www.wikidata.org/entity/Q206348,barbiturates
http://www.wikidata.org/entity/Q209022,Aminoacyl-tRNA
http://www.wikidata.org/entity/Q209155,"2,3-diphosphoglyceric acid"
http://www.wikidata.org/entity/Q209157,"butane-2,3-diol"
http://www.wikidata.org/entity/Q209241,(RS)-brolamfetamine
http://www.wikidata.org/entity/Q209412,2-hydroxyglutaric acid
http://www.wikidata.org/entity/Q215980,ribosomal RNA
http://www.wikidata.org/entity/Q216852,thyroxine
http://www.wikidata.org/entity/Q217740,Lipofuscin
http://www.wikidata.org/entity/Q219660,ultramarine blue
http://www.wikidata.org/entity/Q223412,(RS)-clenbuterol
http://www.wikidata.org/entity/Q225595,Reactive nitrogen species
http://www.wikidata.org/entity/Q238156,coordination complex
http://www.wikidata.org/entity/Q243547,ketamine
http://www.wikidata.org/entity/Q245115,zwitterion
http://www.wikidata.org/entity/Q255712,asphaltene
http://www.wikidata.org/entity/Q270174,1-methyl-1-(4-methylcyclohexyl)ethyl hydroperoxide
http://www.wikidata.org/entity/Q278809,(*)-limonene
http://www.wikidata.org/entity/Q300951,pH indicator
http://www.wikidata.org/entity/Q312373,toluidine
http://www.wikidata.org/entity/Q343465,actinomycin
http://www.wikidata.org/entity/Q344942,acyclic compound
http://www.wikidata.org/entity/Q386441,(RS)-meclizine
http://www.wikidata.org/entity/Q388948,torreyanic acid
http://www.wikidata.org/entity/Q407280,cofactor
http://www.wikidata.org/entity/Q407997,inositol
http://www.wikidata.org/entity/Q408365,isocyanate
http://www.wikidata.org/entity/Q408407,(+/-)-*-methoxy-*-trifluoromethylphenylacetic acid
http://www.wikidata.org/entity/Q408688,acyl halide
http://www.wikidata.org/entity/Q408783,O-phthalodinitrile
http://www.wikidata.org/entity/Q409744,calicheamicin
http://www.wikidata.org/entity/Q410175,polybenzimidazole fiber
http://www.wikidata.org/entity/Q410179,sodium thiopental
http://www.wikidata.org/entity/Q410932,(+/-)-linalool
http://www.wikidata.org/entity/Q411317,Tricresyl phosphate
http://www.wikidata.org/entity/Q411447,DL-ofloxacin
http://www.wikidata.org/entity/Q411641,G-quadruplex
http://www.wikidata.org/entity/Q412152,peptide nucleic acid
http://www.wikidata.org/entity/Q412598,amatoxin
http://www.wikidata.org/entity/Q412835,diethylhexyl adipate
http://www.wikidata.org/entity/Q412945,ocimene
http://www.wikidata.org/entity/Q412994,DL-Isovaline
http://www.wikidata.org/entity/Q413085,Divinylbenzene
http://www.wikidata.org/entity/Q413658,bipyridine
http://www.wikidata.org/entity/Q413710,(+/-)-phenylacetylcarbinol
http://www.wikidata.org/entity/Q413719,xylidine
http://www.wikidata.org/entity/Q414151,calcium lactate gluconate
http://www.wikidata.org/entity/Q414529,cadinene
http://www.wikidata.org/entity/Q414774,furanocoumarin
http://www.wikidata.org/entity/Q414794,phellandrene
http://www.wikidata.org/entity/Q414914,biperiden
http://www.wikidata.org/entity/Q415026,benzatropine
http://www.wikidata.org/entity/Q415454,decalin
http://www.wikidata.org/entity/Q415631,iodate
http://www.wikidata.org/entity/Q416019,glycoconjugate
http://www.wikidata.org/entity/Q416558,tropolone
http://www.wikidata.org/entity/Q416677,2-{[2-[(acetylthio)methyl]-1-oxo-3-phenylpropyl]amino}acetic acid (phenylmethyl) ester
http://www.wikidata.org/entity/Q416769,nonylphenol
http://www.wikidata.org/entity/Q416840,iridoid
http://www.wikidata.org/entity/Q416930,ethyl D-glucuronide
http://www.wikidata.org/entity/Q417625,mitomycins
http://www.wikidata.org/entity/Q418339,Dichlorophenol
http://www.wikidata.org/entity/Q418886,DL-ribulose-5-phosphoric acid
http://www.wikidata.org/entity/Q419067,pseudohalogen
http://www.wikidata.org/entity/Q419119,prohormone
http://www.wikidata.org/entity/Q419150,aluminum acetate
http://www.wikidata.org/entity/Q419834,(RS)-primaquine
http://www.wikidata.org/entity/Q420018,chlorophenol
http://www.wikidata.org/entity/Q420079,Brilliant Black BN
http://www.wikidata.org/entity/Q420102,methyl 3-oxo-2-((E)-pent-2-enyl)cyclopentaneacetate
http://www.wikidata.org/entity/Q420643,methcathinone
http://www.wikidata.org/entity/Q420786,terpineol
http://www.wikidata.org/entity/Q420875,Caspofungin
http://www.wikidata.org/entity/Q421313,lactid
http://www.wikidata.org/entity/Q421897,isocyanide
http://www.wikidata.org/entity/Q422008,anhydride
http://www.wikidata.org/entity/Q422637,eosin
http://www.wikidata.org/entity/Q423364,propranolol
http://www.wikidata.org/entity/Q423398,methomyl
http://www.wikidata.org/entity/Q423666,lactol
http://www.wikidata.org/entity/Q424197,bisphenol
http://www.wikidata.org/entity/Q424210,aristolochic acids
http://www.wikidata.org/entity/Q424459,Hexachlorocyclohexane
http://www.wikidata.org/entity/Q424751,(RS)-eflornithine
http://www.wikidata.org/entity/Q424891,Terpinene
http://www.wikidata.org/entity/Q424906,glyceric acid
http://www.wikidata.org/entity/Q424979,octopamine
http://www.wikidata.org/entity/Q425083,Annulene
http://www.wikidata.org/entity/Q425293,Fosinopril
http://www.wikidata.org/entity/Q425375,xylenol
http://www.wikidata.org/entity/Q425517,retinoic acid
http://www.wikidata.org/entity/Q425681,lenalidomide
http://www.wikidata.org/entity/Q426220,ethacridine lactate
http://www.wikidata.org/entity/Q426549,quinolone
http://www.wikidata.org/entity/Q426579,ketals
http://www.wikidata.org/entity/Q428069,intermetallic
http://www.wikidata.org/entity/Q462174,hydrate
http://www.wikidata.org/entity/Q471655,aminobenzenesulfonic acids
http://www.wikidata.org/entity/Q471659,aminobenzylalcohols
http://www.wikidata.org/entity/Q523152,rylene dye
http://www.wikidata.org/entity/Q546242,lysergamides
http://www.wikidata.org/entity/Q549082,metoxybenzenosulfonic acids
http://www.wikidata.org/entity/Q567575,anomer
http://www.wikidata.org/entity/Q582510,ethylene-vinylalcohol copolymer
http://www.wikidata.org/entity/Q596999,cryptand
http://www.wikidata.org/entity/Q603741,Prodrug
http://www.wikidata.org/entity/Q657925,gaseous signaling molecule
http://www.wikidata.org/entity/Q663293,pyrimidinedione
http://www.wikidata.org/entity/Q726004,oligomer
http://www.wikidata.org/entity/Q731821,diazepine
http://www.wikidata.org/entity/Q804105,"1,7-dioxaspiro(5.5)undecane"
http://www.wikidata.org/entity/Q836793,iron(II) lactate
http://www.wikidata.org/entity/Q843438,cyanate
http://www.wikidata.org/entity/Q866138,Avenanthramide
http://www.wikidata.org/entity/Q872505,tannins
http://www.wikidata.org/entity/Q883844,bleomycins
http://www.wikidata.org/entity/Q886593,Hemotoxin
http://www.wikidata.org/entity/Q886862,diethyl DL-tartrate
http://www.wikidata.org/entity/Q898452,noble gas compound
http://www.wikidata.org/entity/Q898920,chalcogenide
http://www.wikidata.org/entity/Q899734,Non-stoichiometric compound
http://www.wikidata.org/entity/Q899851,unsaturated compound
http://www.wikidata.org/entity/Q900337,Lewis acids and bases
http://www.wikidata.org/entity/Q903441,mesylate
http://www.wikidata.org/entity/Q903923,dendrimer
http://www.wikidata.org/entity/Q905814,dinitrobenzene
http://www.wikidata.org/entity/Q906027,xylyl bromide
http://www.wikidata.org/entity/Q906429,chlorotoluene
http://www.wikidata.org/entity/Q907939,(RS)-nornicotine
http://www.wikidata.org/entity/Q908702,daltonide
http://www.wikidata.org/entity/Q910111,dropropizine
http://www.wikidata.org/entity/Q912807,active ingredient
http://www.wikidata.org/entity/Q925327,barnidipine
http://www.wikidata.org/entity/Q926199,bromoanisole
http://www.wikidata.org/entity/Q926272,epimer
http://www.wikidata.org/entity/Q926398,bromobenzoic acids
http://www.wikidata.org/entity/Q926411,bromobenzenesulfonic acids
http://www.wikidata.org/entity/Q926418,bromobenzyl alcohols
http://www.wikidata.org/entity/Q926484,bromodihydroxybenzoic acids
http://www.wikidata.org/entity/Q926827,Bromonitrobenzenes
http://www.wikidata.org/entity/Q926864,monobromophenol
http://www.wikidata.org/entity/Q926944,bromopyridines
http://www.wikidata.org/entity/Q927010,bromotoluenes
http://www.wikidata.org/entity/Q935387,cystathionine
http://www.wikidata.org/entity/Q970742,iodobenzaldehyde
http://www.wikidata.org/entity/Q1018211,butylbenzenes
http://www.wikidata.org/entity/Q1022652,C4-benzenes
http://www.wikidata.org/entity/Q1038115,homatropine
http://www.wikidata.org/entity/Q1060922,(RS)-oxybutynin
http://www.wikidata.org/entity/Q1075202,chloroanisole
http://www.wikidata.org/entity/Q1075214,Chlorobenzenesulfonic acid
http://www.wikidata.org/entity/Q1075285,chloronitrobenzenes
http://www.wikidata.org/entity/Q1075326,chloropyridines
http://www.wikidata.org/entity/Q1088175,polymyxin B
http://www.wikidata.org/entity/Q1117888,isoxsuprine
http://www.wikidata.org/entity/Q1122863,potassium alginate
http://www.wikidata.org/entity/Q1147419,"(5S)-5-methyl-1-oxidanylidene-1,4-thiazinane-2-carboxylic acid"
http://www.wikidata.org/entity/Q1149665,dibromoanisoles
http://www.wikidata.org/entity/Q1209323,dibromobenzenes
http://www.wikidata.org/entity/Q1209329,dibromophenol
http://www.wikidata.org/entity/Q1209394,dichloroaniline
http://www.wikidata.org/entity/Q1209417,dichlorotoluenes
http://www.wikidata.org/entity/Q1213574,N-methylconiine
http://www.wikidata.org/entity/Q1223250,diethylbenzene
http://www.wikidata.org/entity/Q1224564,diflurophenols
http://www.wikidata.org/entity/Q1225184,dihydroxytoluenes
http://www.wikidata.org/entity/Q1225193,diiodobenzenes
http://www.wikidata.org/entity/Q1225200,diiodophenols
http://www.wikidata.org/entity/Q1225731,dimethoxyphenols
http://www.wikidata.org/entity/Q1226496,Dinitroaniline
http://www.wikidata.org/entity/Q1226502,dinitrobenzoic acids
http://www.wikidata.org/entity/Q1226506,dinitrochlorobenzenes
http://www.wikidata.org/entity/Q1227097,Dioxazine violet
http://www.wikidata.org/entity/Q1230226,disulfide
http://www.wikidata.org/entity/Q1298067,sydnones
http://www.wikidata.org/entity/Q1307024,Phenylenediamine
http://www.wikidata.org/entity/Q1312596,tetrafluorobenzenes
http://www.wikidata.org/entity/Q1315529,triiodobenzene
http://www.wikidata.org/entity/Q1340366,Enders reagents
http://www.wikidata.org/entity/Q1364871,Basic oxide
http://www.wikidata.org/entity/Q1371491,ethyltoluene
http://www.wikidata.org/entity/Q1405934,Iodnitrobenzoles
http://www.wikidata.org/entity/Q1422029,Q1422029
http://www.wikidata.org/entity/Q1434176,fluoroanilines
http://www.wikidata.org/entity/Q1434177,fluoroanisoles
http://www.wikidata.org/entity/Q1434181,fluorobenzaldehydes
http://www.wikidata.org/entity/Q1434182,fluorobenzenesulfonic acids
http://www.wikidata.org/entity/Q1434185,fluorobenzyl alcohols
http://www.wikidata.org/entity/Q1434214,fluoronitrobenzenes
http://www.wikidata.org/entity/Q1434217,fluorophenol
http://www.wikidata.org/entity/Q1434218,fluoropyridines
http://www.wikidata.org/entity/Q1434221,fluorotoluenes
http://www.wikidata.org/entity/Q1448085,sulfobenzoic acids
http://www.wikidata.org/entity/Q1477868,humins
http://www.wikidata.org/entity/Q1478976,nitrobenzenesulfonic acids
http://www.wikidata.org/entity/Q1500108,trisubstituted benzenes
http://www.wikidata.org/entity/Q1524420,nitrobenzonitriles
http://www.wikidata.org/entity/Q1534638,methoxyphenol
http://www.wikidata.org/entity/Q1559594,isoborneol acrylate
http://www.wikidata.org/entity/Q1563165,methoxybenzyl alcohols
http://www.wikidata.org/entity/Q1616245,tribromobenzene
http://www.wikidata.org/entity/Q1632520,pertechnetate
http://www.wikidata.org/entity/Q1639139,phytochemical
http://www.wikidata.org/entity/Q1640403,monohydroxybenzoic acid
http://www.wikidata.org/entity/Q1640406,hydroxybenzyl alcohols
http://www.wikidata.org/entity/Q1669856,Nitroxylene
http://www.wikidata.org/entity/Q1671943,iodoaniline
http://www.wikidata.org/entity/Q1671946,iodoanisoles
http://www.wikidata.org/entity/Q1671947,iodobenzoic acid
http://www.wikidata.org/entity/Q1671949,iodobenzyl alcohol
http://www.wikidata.org/entity/Q1671954,iodophenol
http://www.wikidata.org/entity/Q1671956,iodopyridines
http://www.wikidata.org/entity/Q1671957,iodotoluenes
http://www.wikidata.org/entity/Q1674522,isophorone diamine
http://www.wikidata.org/entity/Q1674527,isopropylbenzaldehydes
http://www.wikidata.org/entity/Q1759296,tetrachlorbenzole
http://www.wikidata.org/entity/Q1761300,methyl violet
http://www.wikidata.org/entity/Q1766369,trichloranilines
http://www.wikidata.org/entity/Q1772835,methoxybenzaldehyde
http://www.wikidata.org/entity/Q1773105,nitrobenzyl chlorides
http://www.wikidata.org/entity/Q1787993,cresidines
http://www.wikidata.org/entity/Q1795231,metal oxide
http://www.wikidata.org/entity/Q1800935,mononitrotoluene
http://www.wikidata.org/entity/Q1877989,lutidine
http://www.wikidata.org/entity/Q1925541,Anisic acid
http://www.wikidata.org/entity/Q1925555,methoxytoluene
http://www.wikidata.org/entity/Q1925565,methylbenzyl alcohols
http://www.wikidata.org/entity/Q1959610,propylphenol
http://www.wikidata.org/entity/Q1965122,narbomycin
http://www.wikidata.org/entity/Q1993954,Nitroanisole
http://www.wikidata.org/entity/Q1993957,nitrobenzoyl chlorides
http://www.wikidata.org/entity/Q1993961,nitrobenzoic acid
http://www.wikidata.org/entity/Q1993972,nitrodihydroxybenzenes
http://www.wikidata.org/entity/Q1994004,nitrotoluidines
http://www.wikidata.org/entity/Q2030844,3-methylfentanyl
http://www.wikidata.org/entity/Q2036402,phosphinate ester
http://www.wikidata.org/entity/Q2069797,peptidomimetic
http://www.wikidata.org/entity/Q2072863,capnophile
http://www.wikidata.org/entity/Q2076164,Latrunculin
http://www.wikidata.org/entity/Q2085492,phenitidine
http://www.wikidata.org/entity/Q2085513,Q2085513
http://www.wikidata.org/entity/Q2092388,Picoline
http://www.wikidata.org/entity/Q2112940,propaquizafop
http://www.wikidata.org/entity/Q2151963,aroma compound
http://www.wikidata.org/entity/Q2204067,Diaminotoluene
http://www.wikidata.org/entity/Q2215280,(+/-)-salsolinol
http://www.wikidata.org/entity/Q2280718,persulfates
http://www.wikidata.org/entity/Q2324668,formazan
http://www.wikidata.org/entity/Q2334960,plumbate
http://www.wikidata.org/entity/Q2361330,Q2361330
http://www.wikidata.org/entity/Q2366155,ionic compound
http://www.wikidata.org/entity/Q2396216,DL-pantoic acid
http://www.wikidata.org/entity/Q2400152,aniline dyes
http://www.wikidata.org/entity/Q2402182,prepolymer
http://www.wikidata.org/entity/Q2406753,tetramethylbenzenes
http://www.wikidata.org/entity/Q2424853,protoporphyrins
http://www.wikidata.org/entity/Q2429912,atrane
http://www.wikidata.org/entity/Q2439424,tolualdehydes
http://www.wikidata.org/entity/Q2439436,toluenesulfonic acid
http://www.wikidata.org/entity/Q2448093,azoxy compounds
http://www.wikidata.org/entity/Q2453091,trifluorobenzene
http://www.wikidata.org/entity/Q2453381,trimethylaniline
http://www.wikidata.org/entity/Q2453386,trimethylbenzenes
http://www.wikidata.org/entity/Q2468815,corrosion inhibitor
http://www.wikidata.org/entity/Q2482258,orthonitrate
http://www.wikidata.org/entity/Q2506457,acylal
http://www.wikidata.org/entity/Q2542778,manganate
http://www.wikidata.org/entity/Q2612896,nerve agent
http://www.wikidata.org/entity/Q2624323,Molozonide
http://www.wikidata.org/entity/Q2631388,"(RS)-2,4,5-trimethoxyamphetamine"
http://www.wikidata.org/entity/Q2638593,Adipokine
http://www.wikidata.org/entity/Q2640813,frescolat ML
http://www.wikidata.org/entity/Q2653638,alpha acid
http://www.wikidata.org/entity/Q2663172,grayanotoxins
http://www.wikidata.org/entity/Q2672403,cymenes
http://www.wikidata.org/entity/Q2698440,"bornane-2,3-dione"
http://www.wikidata.org/entity/Q2699537,Acyl-CoA
http://www.wikidata.org/entity/Q2700049,saturated compound
http://www.wikidata.org/entity/Q2739882,glyceryl 1-phosphate
http://www.wikidata.org/entity/Q2746739,Protein phosphatase
http://www.wikidata.org/entity/Q2760354,zinc dithiophosphate
http://www.wikidata.org/entity/Q2776438,auride
http://www.wikidata.org/entity/Q2813762,"2,2,3-trimethylpentane"
http://www.wikidata.org/entity/Q2813777,"2,3-Dimethylhexane"
http://www.wikidata.org/entity/Q2813785,"2,4-dimethylhexane"
http://www.wikidata.org/entity/Q2813794,sodium 2-(4-methoxyphenoxy)propanoate
http://www.wikidata.org/entity/Q2815980,"3,4-dimethylhexane"
http://www.wikidata.org/entity/Q2815992,3-hydroxy-DL-kynurenine
http://www.wikidata.org/entity/Q2823196,1-pyrroline-5-carboxylic acid
http://www.wikidata.org/entity/Q2823204,*-aminoadipic acid
http://www.wikidata.org/entity/Q2823214,(RS)-3-hydroxyvaleric acid
http://www.wikidata.org/entity/Q2823215,3-hydroxyisobutyric acid
http://www.wikidata.org/entity/Q2823250,cysteic acid
http://www.wikidata.org/entity/Q2823324,DL-N-carbamoylaspartic acid
http://www.wikidata.org/entity/Q2846975,androstane
http://www.wikidata.org/entity/Q2883370,lathyrine
http://www.wikidata.org/entity/Q2901852,compound of carbon
http://www.wikidata.org/entity/Q2912543,molecular compound
http://www.wikidata.org/entity/Q2916173,tropic hormone
http://www.wikidata.org/entity/Q2918932,enoses
http://www.wikidata.org/entity/Q2964394,cholane
http://www.wikidata.org/entity/Q2981798,coenzyme Q
http://www.wikidata.org/entity/Q3054030,Endothall
http://www.wikidata.org/entity/Q3073444,flavagline
http://www.wikidata.org/entity/Q3073497,flavokavain
http://www.wikidata.org/entity/Q3124671,H-phosphonate
http://www.wikidata.org/entity/Q3139040,hodulcine
http://www.wikidata.org/entity/Q3143824,Hydroxybenzaldehyde
http://www.wikidata.org/entity/Q3148968,imazamethabenz
http://www.wikidata.org/entity/Q3214022,"2,2,4,4-tetramethyl-1,3-cyclobutanediol"
http://www.wikidata.org/entity/Q3215899,silver lactate monohydrate
http://www.wikidata.org/entity/Q3215901,2-(4-methoxyphenoxy)propanoic acid
http://www.wikidata.org/entity/Q3221490,meprodine
http://www.wikidata.org/entity/Q3243177,antimonide
http://www.wikidata.org/entity/Q3249706,sodium phosphates
http://www.wikidata.org/entity/Q3268331,fumonisin
http://www.wikidata.org/entity/Q3288610,DL-2-hydroxybutyric acid
http://www.wikidata.org/entity/Q3317985,disodium DL-glutamate
http://www.wikidata.org/entity/Q3332124,mecamylamine
http://www.wikidata.org/entity/Q3347765,arterolane
http://www.wikidata.org/entity/Q3381798,phthalein dyes
http://www.wikidata.org/entity/Q3483798,silazane
http://www.wikidata.org/entity/Q3495348,oil additive
http://www.wikidata.org/entity/Q3554956,but-2-ene
http://www.wikidata.org/entity/Q3565831,Phosphazene
http://www.wikidata.org/entity/Q3571092,xenate
http://www.wikidata.org/entity/Q3596761,N-methylproline
http://www.wikidata.org/entity/Q3604300,acetogenins
http://www.wikidata.org/entity/Q3618748,antiozonant
http://www.wikidata.org/entity/Q3663992,cavitand
http://www.wikidata.org/entity/Q3791956,hydrofluoroether
http://www.wikidata.org/entity/Q3899681,magnesium perchlorate hydrate
http://www.wikidata.org/entity/Q3991665,thiopurine
http://www.wikidata.org/entity/Q4046265,(RS)-methylone
http://www.wikidata.org/entity/Q4057259,adamanzane
http://www.wikidata.org/entity/Q4058388,azobenzoic acids
http://www.wikidata.org/entity/Q4062481,diyne
http://www.wikidata.org/entity/Q4064326,cobalt amino complexes
http://www.wikidata.org/entity/Q4064418,ammonia fertilizers
http://www.wikidata.org/entity/Q4064419,metal ammine complex
http://www.wikidata.org/entity/Q4064424,Q4064424
http://www.wikidata.org/entity/Q4064425,Ammonium
http://www.wikidata.org/entity/Q4064648,amphoteric compound
http://www.wikidata.org/entity/Q4066994,antihypoxic drugs
http://www.wikidata.org/entity/Q4067030,cobalt antimonide
http://www.wikidata.org/entity/Q4067031,nickel antimonide
http://www.wikidata.org/entity/Q4069961,cobalt arsenide
http://www.wikidata.org/entity/Q4069962,nickel arsenide
http://www.wikidata.org/entity/Q4082043,Vesicular transport protein
http://www.wikidata.org/entity/Q4082044,Trithorax-group proteins
http://www.wikidata.org/entity/Q4084882,beryllide
http://www.wikidata.org/entity/Q4093462,Q4093462
http://www.wikidata.org/entity/Q4093692,rhenium boride
http://www.wikidata.org/entity/Q4134937,hexafluoroplumbates
http://www.wikidata.org/entity/Q4134949,hexachloroplumbates
http://www.wikidata.org/entity/Q4135145,geminal dithiol
http://www.wikidata.org/entity/Q4138161,bisulfate salt
http://www.wikidata.org/entity/Q4138434,hymatomelanic acids
http://www.wikidata.org/entity/Q4139724,glycals
http://www.wikidata.org/entity/Q4139734,2-hydroxyglycals
http://www.wikidata.org/entity/Q4144483,hypothalamic hormones
http://www.wikidata.org/entity/Q4144484,posterior pituitary hormones
http://www.wikidata.org/entity/Q4144485,anterior pituitary hormones
http://www.wikidata.org/entity/Q4144486,thyroid gland hormones
http://www.wikidata.org/entity/Q4152113,humin acids
http://www.wikidata.org/entity/Q4214573,iron carbides
http://www.wikidata.org/entity/Q4214574,manganese carbides
http://www.wikidata.org/entity/Q4214607,Criegee biradical
http://www.wikidata.org/entity/Q4228818,Q4228818
http://www.wikidata.org/entity/Q4241167,cryptate
http://www.wikidata.org/entity/Q4261419,"(RS,RS)-lysinoalanine"
http://www.wikidata.org/entity/Q4264191,Q4264191
http://www.wikidata.org/entity/Q4280213,manganite
http://www.wikidata.org/entity/Q4293209,myxopyronin
http://www.wikidata.org/entity/Q4314639,naphthylamines
http://www.wikidata.org/entity/Q4317719,non-standard amino acid
http://www.wikidata.org/entity/Q4321600,Q4321600
http://www.wikidata.org/entity/Q4321623,Q4321623
http://www.wikidata.org/entity/Q4321624,Q4321624
http://www.wikidata.org/entity/Q4321625,Q4321625
http://www.wikidata.org/entity/Q4321633,Q4321633
http://www.wikidata.org/entity/Q4321634,Q4321634
http://www.wikidata.org/entity/Q4321638,Q4321638
http://www.wikidata.org/entity/Q4337000,ornithinoalanine
http://www.wikidata.org/entity/Q4337147,ortho-plumbates(IV)
http://www.wikidata.org/entity/Q4355943,G protein-coupled receptor kinase
http://www.wikidata.org/entity/Q4370072,Q4370072
http://www.wikidata.org/entity/Q4419127,silatrane
http://www.wikidata.org/entity/Q4419242,Q4419242
http://www.wikidata.org/entity/Q4426764,fluorine compounds in rocket technology
http://www.wikidata.org/entity/Q4428667,diacyl chloride
http://www.wikidata.org/entity/Q4477150,urobilinogenic body
http://www.wikidata.org/entity/Q4492137,cobalt phosphides
http://www.wikidata.org/entity/Q4492139,rhenium phosphides
http://www.wikidata.org/entity/Q4492146,Q4492146
http://www.wikidata.org/entity/Q4493247,fluoroelastomer
http://www.wikidata.org/entity/Q4493253,Q4493253
http://www.wikidata.org/entity/Q4493256,fluoroolefin
http://www.wikidata.org/entity/Q4498255,silicon chloride
http://www.wikidata.org/entity/Q4498256,rhodium chlorides
http://www.wikidata.org/entity/Q4503284,lexitropsin
http://www.wikidata.org/entity/Q4515173,four-membered heterocycle
http://www.wikidata.org/entity/Q4523386,six-membered heterocycle
http://www.wikidata.org/entity/Q4533595,juvenoid
http://www.wikidata.org/entity/Q4634028,"3',4'-methylenedioxy-*-pyrrolidinobutiophenone"
http://www.wikidata.org/entity/Q4634079,"3,4-Methylenedioxy-N-propylamphetamine"
http://www.wikidata.org/entity/Q4634142,3-fluoromethcathinone
http://www.wikidata.org/entity/Q4634151,3-iodo-DL-tyrosine
http://www.wikidata.org/entity/Q4636226,3C-E
http://www.wikidata.org/entity/Q4675062,acrasin
http://www.wikidata.org/entity/Q4727728,alkyl cycloalkane
http://www.wikidata.org/entity/Q4727738,Alkyl sulfonate
http://www.wikidata.org/entity/Q4737407,aluminoxane
http://www.wikidata.org/entity/Q4742086,amedalin
http://www.wikidata.org/entity/Q4810650,asterane
http://www.wikidata.org/entity/Q4832090,azadipyrromethene
http://www.wikidata.org/entity/Q4859855,epanolol
http://www.wikidata.org/entity/Q4915368,biotinylated dextran amine
http://www.wikidata.org/entity/Q4917214,bisbiguanide
http://www.wikidata.org/entity/Q4922484,black tar heroin
http://www.wikidata.org/entity/Q4960506,Bremazocine
http://www.wikidata.org/entity/Q4973722,bromoaniline
http://www.wikidata.org/entity/Q4980762,brydioside
http://www.wikidata.org/entity/Q5002501,butenolide
http://www.wikidata.org/entity/Q5023911,calphostin
http://www.wikidata.org/entity/Q5024643,calyculin
http://www.wikidata.org/entity/Q5072487,channel blocker
http://www.wikidata.org/entity/Q5120034,cilomilast
http://www.wikidata.org/entity/Q5156937,compound of berkelium
http://www.wikidata.org/entity/Q5156938,compound of californium
http://www.wikidata.org/entity/Q5156939,compound of lead
http://www.wikidata.org/entity/Q5156940,oxygen compound
http://www.wikidata.org/entity/Q5168276,copaene
http://www.wikidata.org/entity/Q5192453,cucurbitane
http://www.wikidata.org/entity/Q5194671,curcuminoid
http://www.wikidata.org/entity/Q5198699,cyclododecahexaene
http://www.wikidata.org/entity/Q5201403,Cytrel
http://www.wikidata.org/entity/Q5217682,dithiocarbamate
http://www.wikidata.org/entity/Q5276435,dihydroisocoumarin
http://www.wikidata.org/entity/Q5277308,Dimethoxybenzene
http://www.wikidata.org/entity/Q5280039,dipolar compound
http://www.wikidata.org/entity/Q5335543,Collidine
http://www.wikidata.org/entity/Q5359668,eleutheroside
http://www.wikidata.org/entity/Q5404509,Ethylphenol
http://www.wikidata.org/entity/Q5414615,DL-eutylone
http://www.wikidata.org/entity/Q5462805,fluorescein amidite
http://www.wikidata.org/entity/Q5520338,Gamma globulin
http://www.wikidata.org/entity/Q5548658,(+/-)-gepefrine
http://www.wikidata.org/entity/Q5723218,Amphiphile
http://www.wikidata.org/entity/Q5732068,Heptanoles
http://www.wikidata.org/entity/Q5780264,mercury compound
http://www.wikidata.org/entity/Q5898391,hypoiodite
http://www.wikidata.org/entity/Q5955531,(RS)-4-hydroxyamphetamine
http://www.wikidata.org/entity/Q5955570,hydroxyethylrutoside
http://www.wikidata.org/entity/Q5955671,hydroxystilbamidine
http://www.wikidata.org/entity/Q5968710,2-ethylhexyl D-(-)-2-hydroxypropanoate
http://www.wikidata.org/entity/Q6172533,betalamic acid
http://www.wikidata.org/entity/Q6419667,cularine
http://www.wikidata.org/entity/Q6451804,kynapcin
http://www.wikidata.org/entity/Q6469062,lactylate
http://www.wikidata.org/entity/Q6703172,lume
http://www.wikidata.org/entity/Q6798008,maytansinoid
http://www.wikidata.org/entity/Q6806652,Medicarpin
http://www.wikidata.org/entity/Q6821509,Mesoionic
http://www.wikidata.org/entity/Q6822741,metal halides
http://www.wikidata.org/entity/Q6823230,metasilicate
http://www.wikidata.org/entity/Q6823613,Methastyridone
http://www.wikidata.org/entity/Q6823656,methionine S-oxide
http://www.wikidata.org/entity/Q6824025,methyllysine
http://www.wikidata.org/entity/Q6898425,monastrol
http://www.wikidata.org/entity/Q7050774,nordihydroguaiaretic acid
http://www.wikidata.org/entity/Q7051185,norgestrel
http://www.wikidata.org/entity/Q7074871,obesogen
http://www.wikidata.org/entity/Q7102101,Organothiophosphate
http://www.wikidata.org/entity/Q7115966,oxygenate
http://www.wikidata.org/entity/Q7118918,PEG-150 hydrogenated jojoba
http://www.wikidata.org/entity/Q7130787,silicates
http://www.wikidata.org/entity/Q7133208,papuamide
http://www.wikidata.org/entity/Q7162597,penem antibiotic
http://www.wikidata.org/entity/Q7169509,peroxynitrate
http://www.wikidata.org/entity/Q7181423,phenylaminotetralin
http://www.wikidata.org/entity/Q7181444,phenyltropane
http://www.wikidata.org/entity/Q7187479,Phosphinite
http://www.wikidata.org/entity/Q7202320,platinum-based antineoplastic
http://www.wikidata.org/entity/Q7226568,polymersome
http://www.wikidata.org/entity/Q7227008,Polysulfane
http://www.wikidata.org/entity/Q7263416,pyrazolopyridine
http://www.wikidata.org/entity/Q7318276,"DL-3,3',5'-triiodothyronine"
http://www.wikidata.org/entity/Q7353846,Roche ester
http://www.wikidata.org/entity/Q7406268,Salubrinal
http://www.wikidata.org/entity/Q7515012,silicon alkoxide
http://www.wikidata.org/entity/Q7578231,spiruchostatin
http://www.wikidata.org/entity/Q7607348,"2,6,6-trimethyl-13-methylenetetracyclo[10.3.1.01,10.02,7]hexadecane"
http://www.wikidata.org/entity/Q7616466,aurates
http://www.wikidata.org/entity/Q7623369,Streptogramin group B
http://www.wikidata.org/entity/Q7625014,fluorine compound
http://www.wikidata.org/entity/Q7673680,taccalonolide
http://www.wikidata.org/entity/Q7702932,ternary compound
http://www.wikidata.org/entity/Q7801294,tifluadom
http://www.wikidata.org/entity/Q7842197,trimetaphan (RS)-camsilate
http://www.wikidata.org/entity/Q7911716,valinol
http://www.wikidata.org/entity/Q8181522,Acidomanganate(IV) complex
http://www.wikidata.org/entity/Q9150092,ammono compounds
http://www.wikidata.org/entity/Q10395585,DL-3-phenyllactic acid
http://www.wikidata.org/entity/Q10502411,benzenedicarboxylic acid
http://www.wikidata.org/entity/Q10749005,compound of zinc
http://www.wikidata.org/entity/Q10843743,12-hydroxystearic acid
http://www.wikidata.org/entity/Q10844270,2-octanol
http://www.wikidata.org/entity/Q10859673,N-Nitrosonornicotine
http://www.wikidata.org/entity/Q10930681,plastic additive
http://www.wikidata.org/entity/Q11255995,*-nonalactone
http://www.wikidata.org/entity/Q11320751,Progestin
http://www.wikidata.org/entity/Q11330876,vinyldithiin
http://www.wikidata.org/entity/Q11370588,DL-butyl lactate
http://www.wikidata.org/entity/Q11370589,DL-methyl lactate
http://www.wikidata.org/entity/Q11644720,polymerization initiator
http://www.wikidata.org/entity/Q11723014,dihydrogen chalcogenide
http://www.wikidata.org/entity/Q11812192,dihydroazulene
http://www.wikidata.org/entity/Q12018894,haloform
http://www.wikidata.org/entity/Q12046281,polyterpene
http://www.wikidata.org/entity/Q12049141,Reichstein's compound
http://www.wikidata.org/entity/Q12139897,perrhenate
http://www.wikidata.org/entity/Q12347129,ergosine
http://www.wikidata.org/entity/Q12439816,phosphite
http://www.wikidata.org/entity/Q12457481,silicic acids
http://www.wikidata.org/entity/Q12528814,Q12528814
http://www.wikidata.org/entity/Q12533572,barium compound
http://www.wikidata.org/entity/Q12547845,iodine compound
http://www.wikidata.org/entity/Q12547983,potassium compound
http://www.wikidata.org/entity/Q12548019,calcium compounds
http://www.wikidata.org/entity/Q12550003,silicon compound
http://www.wikidata.org/entity/Q12553806,Q12553806
http://www.wikidata.org/entity/Q12554725,copper compound
http://www.wikidata.org/entity/Q12555933,sodium compound
http://www.wikidata.org/entity/Q12568453,Q12568453
http://www.wikidata.org/entity/Q13424590,dioxin
http://www.wikidata.org/entity/Q13737521,iodite
http://www.wikidata.org/entity/Q14757784,(EZ)-1-chloro-2-butene
http://www.wikidata.org/entity/Q15057699,nucleic acid analogue
http://www.wikidata.org/entity/Q15087448,mogroside
http://www.wikidata.org/entity/Q15427853,spiculisporic acid
http://www.wikidata.org/entity/Q15427888,"7,8-epoxy-2-methyloctadecane"
http://www.wikidata.org/entity/Q15427948,vasicine
http://www.wikidata.org/entity/Q15633805,DL-phenylglycine
http://www.wikidata.org/entity/Q15634223,"3,5-dimethylpiperidine"
http://www.wikidata.org/entity/Q15634250,taxuyunnanine
http://www.wikidata.org/entity/Q15708304,AB-005
http://www.wikidata.org/entity/Q15710532,Vitamer
http://www.wikidata.org/entity/Q15727447,germanium compound
http://www.wikidata.org/entity/Q15731574,uranium compound
http://www.wikidata.org/entity/Q15737242,"(S,RS)-lysinoalanine"
http://www.wikidata.org/entity/Q15805998,difluorobenzenes
http://www.wikidata.org/entity/Q15806031,dinitrotoluene
http://www.wikidata.org/entity/Q15808733,ethylphenyl benzoate
http://www.wikidata.org/entity/Q15836938,Nitroanisidines
http://www.wikidata.org/entity/Q16165503,compost accelerator
http://www.wikidata.org/entity/Q16245835,astragaloside
http://www.wikidata.org/entity/Q16512059,saquayamycin
http://www.wikidata.org/entity/Q16533682,aldehydic acid
http://www.wikidata.org/entity/Q16533777,aminonitrile
http://www.wikidata.org/entity/Q16635615,gallates
http://www.wikidata.org/entity/Q16642579,hyclate
http://www.wikidata.org/entity/Q16652161,fatty aldehyde
http://www.wikidata.org/entity/Q16671624,lithium dialkylamide
http://www.wikidata.org/entity/Q16681098,nitrosophenol
http://www.wikidata.org/entity/Q16682752,Q16682752
http://www.wikidata.org/entity/Q16683674,Q16683674
http://www.wikidata.org/entity/Q16710262,Q16710262
http://www.wikidata.org/entity/Q16847633,bruceanol
http://www.wikidata.org/entity/Q16851922,caprazamycin
http://www.wikidata.org/entity/Q16866814,neothramycin
http://www.wikidata.org/entity/Q16867592,pyrenocine
http://www.wikidata.org/entity/Q16875505,urauchimycin
http://www.wikidata.org/entity/Q16875755,moromycin
http://www.wikidata.org/entity/Q16880480,Hericenone
http://www.wikidata.org/entity/Q16899565,leptosphaerin
http://www.wikidata.org/entity/Q16901191,mirabamide
http://www.wikidata.org/entity/Q16909337,mytilin
http://www.wikidata.org/entity/Q16918879,vermixocin
http://www.wikidata.org/entity/Q16919744,landomycin
http://www.wikidata.org/entity/Q16920214,taxuspines
http://www.wikidata.org/entity/Q16929092,discodermin
http://www.wikidata.org/entity/Q16937813,sargachromanol
http://www.wikidata.org/entity/Q16959658,demecolcine
http://www.wikidata.org/entity/Q17148656,Metal carbonyl cluster
http://www.wikidata.org/entity/Q17152027,Nucleoside phosphoramidite
http://www.wikidata.org/entity/Q17157325,phosphinimide ligands
http://www.wikidata.org/entity/Q17189838,methylamines
http://www.wikidata.org/entity/Q17266280,cupric DL-lactate
http://www.wikidata.org/entity/Q17461023,bacoside
http://www.wikidata.org/entity/Q17578394,Q17578394
http://www.wikidata.org/entity/Q18028440,tetrachlorophenols
http://www.wikidata.org/entity/Q18206601,(+/-)-hydroxybupropion
http://www.wikidata.org/entity/Q18211344,Q18211344
http://www.wikidata.org/entity/Q18211415,Q18211415
http://www.wikidata.org/entity/Q18343452,carbon monoxide-releasing molecules
http://www.wikidata.org/entity/Q18349922,homoisoflavonoid
http://www.wikidata.org/entity/Q18356514,fructose-asparagine
http://www.wikidata.org/entity/Q18358351,orthosilicate
http://www.wikidata.org/entity/Q18388090,phenanthrenoid
http://www.wikidata.org/entity/Q18388350,phoriospongin
http://www.wikidata.org/entity/Q18431104,ammonium sodium DL-tartrate
http://www.wikidata.org/entity/Q18458631,gold compound
http://www.wikidata.org/entity/Q18486174,1-(1-phenylethylsulfanyl)ethylbenzene
http://www.wikidata.org/entity/Q18536985,plutonate(VII)
http://www.wikidata.org/entity/Q18555422,vinyl toluene
http://www.wikidata.org/entity/Q18620017,chlorocresols
http://www.wikidata.org/entity/Q18629326,"N,N-dimethyltoluidine"
http://www.wikidata.org/entity/Q18763254,CXCR4 antagonist
http://www.wikidata.org/entity/Q18913343,Bleach activator
http://www.wikidata.org/entity/Q19365949,Q19365949
http://www.wikidata.org/entity/Q19365962,Q19365962
http://www.wikidata.org/entity/Q19520980,"2,2,2-trifluoroethyl N-[3-methyl-1-[(4-methylbenzoyl)amino]butan-2-yl]carbamate"
http://www.wikidata.org/entity/Q19614822,plutonium dicarbide
http://www.wikidata.org/entity/Q19614953,plutonium diselenide
http://www.wikidata.org/entity/Q19614988,plutonium disulphide
http://www.wikidata.org/entity/Q19615033,dizinc plutonium
http://www.wikidata.org/entity/Q19921087,"1,2-dichlorocyclohexane"
http://www.wikidata.org/entity/Q19932714,azaphilone
http://www.wikidata.org/entity/Q20064627,biguanide
http://www.wikidata.org/entity/Q20156241,o-sec-butylphenol
http://www.wikidata.org/entity/Q20180530,dibromotoluenes
http://www.wikidata.org/entity/Q20650192,pristinamycins
http://www.wikidata.org/entity/Q20962970,NOx
http://www.wikidata.org/entity/Q20964065,soluble uranium compounds
http://www.wikidata.org/entity/Q20964244,soluble tungsten compound
http://www.wikidata.org/entity/Q20965080,soluble thallium compounds
http://www.wikidata.org/entity/Q20965986,soluble rhodium salts
http://www.wikidata.org/entity/Q20966042,soluble platinum salt
http://www.wikidata.org/entity/Q20986782,Q20986782
http://www.wikidata.org/entity/Q20986783,Q20986783
http://www.wikidata.org/entity/Q20986784,Q20986784
http://www.wikidata.org/entity/Q21009785,Q21009785
http://www.wikidata.org/entity/Q21009786,Q21009786
http://www.wikidata.org/entity/Q21009787,Q21009787
http://www.wikidata.org/entity/Q21009788,Q21009788
http://www.wikidata.org/entity/Q21009790,Q21009790
http://www.wikidata.org/entity/Q21009791,Q21009791
http://www.wikidata.org/entity/Q21009793,Q21009793
http://www.wikidata.org/entity/Q21009794,Q21009794
http://www.wikidata.org/entity/Q21009795,Q21009795
http://www.wikidata.org/entity/Q21009796,Q21009796
http://www.wikidata.org/entity/Q21009797,Q21009797
http://www.wikidata.org/entity/Q21009798,Q21009798
http://www.wikidata.org/entity/Q21009799,Q21009799
http://www.wikidata.org/entity/Q21009800,plutonium selenide
http://www.wikidata.org/entity/Q21009801,Q21009801
http://www.wikidata.org/entity/Q21009802,Q21009802
http://www.wikidata.org/entity/Q21009803,Q21009803
http://www.wikidata.org/entity/Q21009804,Q21009804
http://www.wikidata.org/entity/Q21009805,Q21009805
http://www.wikidata.org/entity/Q21009806,Q21009806
http://www.wikidata.org/entity/Q21009807,Q21009807
http://www.wikidata.org/entity/Q21009809,Q21009809
http://www.wikidata.org/entity/Q21009810,Q21009810
http://www.wikidata.org/entity/Q21009811,Q21009811
http://www.wikidata.org/entity/Q21009813,plutonium phosphide
http://www.wikidata.org/entity/Q21009814,Q21009814
http://www.wikidata.org/entity/Q21009815,Q21009815
http://www.wikidata.org/entity/Q21009816,Q21009816
http://www.wikidata.org/entity/Q21012291,Q21012291
http://www.wikidata.org/entity/Q21012292,silver sulfide
http://www.wikidata.org/entity/Q21050509,Victoria dye
http://www.wikidata.org/entity/Q21057316,coal tar pitch volatiles
http://www.wikidata.org/entity/Q21098953,2-phenyl-3-aminobutane
http://www.wikidata.org/entity/Q21098974,4-chloromethcathinone
http://www.wikidata.org/entity/Q21130774,oxygen hydride
http://www.wikidata.org/entity/Q21167741,soluble aluminum salts
http://www.wikidata.org/entity/Q21270844,DL-amphetamine sulfate
http://www.wikidata.org/entity/Q21834146,fenleuton
http://www.wikidata.org/entity/Q21968099,diisopropylbenzene
http://www.wikidata.org/entity/Q22075869,"3-(2-{4-[3-(Trifluormethyl)phenyl]-1-piperazinyl}ethyl)-5,5a,6,7,8,8a-hexahydrocyclopenta[3,4]pyrrolo[2,1-c][1,2,4]triazol"
http://www.wikidata.org/entity/Q22079587,clovene
http://www.wikidata.org/entity/Q22082750,asphalt fume
http://www.wikidata.org/entity/Q22083042,3-sn-phosphatidyl-L-serine (R)
http://www.wikidata.org/entity/Q22133399,beryllium compound
http://www.wikidata.org/entity/Q22137013,cadmium compound
http://www.wikidata.org/entity/Q22137050,cobalt compound
http://www.wikidata.org/entity/Q22329225,2-methylglutaric acid
http://www.wikidata.org/entity/Q22332141,isotopic compound
http://www.wikidata.org/entity/Q22683540,emamectine benzoate
http://www.wikidata.org/entity/Q22829163,2-ethylhexyl chloroformate
http://www.wikidata.org/entity/Q22829890,thallium compound
http://www.wikidata.org/entity/Q23034754,anisidine
http://www.wikidata.org/entity/Q23034783,toluic acids
http://www.wikidata.org/entity/Q23034843,chlorobenzaldehyde
http://www.wikidata.org/entity/Q23038876,aminopyridines
http://www.wikidata.org/entity/Q23308451,rubratoxin
http://www.wikidata.org/entity/Q23309937,MK-608
http://www.wikidata.org/entity/Q23570653,DL-3-O-methyldopa
http://www.wikidata.org/entity/Q23688096,Perylene pigments
http://www.wikidata.org/entity/Q23766508,N-hydroxy-3-[3-(phenylsulfamoyl)phenyl]-2-propenamide
http://www.wikidata.org/entity/Q23766565,DL-propoxyphene
http://www.wikidata.org/entity/Q23804024,streptothricins
http://www.wikidata.org/entity/Q23819686,metanicotine
http://www.wikidata.org/entity/Q23820208,"3,5-stilbenediol"
http://www.wikidata.org/entity/Q23823893,"N-piperidyl-3,4-methylenedioxycinnamoylamide"
http://www.wikidata.org/entity/Q23928152,diethylstilbestrol diphosphate
http://www.wikidata.org/entity/Q24734376,*-undecalactone
http://www.wikidata.org/entity/Q24883658,hexestrol dipropionate (undefined stereochemistry)
http://www.wikidata.org/entity/Q25036708,bromochlorobenzene
http://www.wikidata.org/entity/Q25091498,Doisynolic acid
http://www.wikidata.org/entity/Q25100823,azasteroid
http://www.wikidata.org/entity/Q25103920,tarocin
http://www.wikidata.org/entity/Q25114203,Androstenedione
http://www.wikidata.org/entity/Q25326509,Chemical probe
http://www.wikidata.org/entity/Q25615782,labeled compound
http://www.wikidata.org/entity/Q25615813,antivitamin factor
http://www.wikidata.org/entity/Q26220987,1-p-menthene-8-thiol
http://www.wikidata.org/entity/Q26492894,halogen compound
http://www.wikidata.org/entity/Q26707675,chlorobenzotrifluoride
http://www.wikidata.org/entity/Q26840821,chloronitrobenzene
http://www.wikidata.org/entity/Q26840855,4-[(4-aminophenyl)diazenyl]benzenesulfonic acid
http://www.wikidata.org/entity/Q26840968,N-methylmethanamonium sulfate
http://www.wikidata.org/entity/Q26841195,methylchloroisothiazolinone/methylisothiazolinone
http://www.wikidata.org/entity/Q26841346,sodium;(EZ)-2-[4-(dimethylamino)phenyl]azobenzoate
http://www.wikidata.org/entity/Q26900199,anol
http://www.wikidata.org/entity/Q26931405,aminobenzotrifluorides
http://www.wikidata.org/entity/Q26933712,chromate
http://www.wikidata.org/entity/Q26990366,stilbene
http://www.wikidata.org/entity/Q26998376,(32RS)-rapamycin
http://www.wikidata.org/entity/Q27032495,dimethyloctane
http://www.wikidata.org/entity/Q27073757,4BP-TQS
http://www.wikidata.org/entity/Q27074011,DL-6-fluorotryptophan
http://www.wikidata.org/entity/Q27074404,"*-methyl-D,L-tryptophan"
http://www.wikidata.org/entity/Q27074501,argatroban
http://www.wikidata.org/entity/Q27075535,BrP-LPA
http://www.wikidata.org/entity/Q27077237,thioredoxins
http://www.wikidata.org/entity/Q27077659,butyraldoxime
http://www.wikidata.org/entity/Q27078020,"3-[(2,4,6-trimethoxyphenyl)methylidene]-1H-indol-2-one"
http://www.wikidata.org/entity/Q27087822,nabilone (unspecified stereochemistry)
http://www.wikidata.org/entity/Q27094631,aluminum lactate
http://www.wikidata.org/entity/Q27095655,trichloroethane
http://www.wikidata.org/entity/Q27095723,ginkgolide-M
http://www.wikidata.org/entity/Q27098387,"3-(4-hydroxy-3,5-diiodophenyl)lactic acid"
http://www.wikidata.org/entity/Q27101863,4-hydroxy-1-pyrroline-2-carboxylic acid
http://www.wikidata.org/entity/Q27102057,inulobiose (anomeric mixture)
http://www.wikidata.org/entity/Q27102175,L-methionine sulfoxide
http://www.wikidata.org/entity/Q27102249,3-phenyl-2-propen-1-ol
http://www.wikidata.org/entity/Q27102429,2-methylpropanal oxime
http://www.wikidata.org/entity/Q27102952,DL-ornithine
http://www.wikidata.org/entity/Q27102985,UDP-D-galactose
http://www.wikidata.org/entity/Q27103066,(RS)-coclaurine
http://www.wikidata.org/entity/Q27103102,1-pyrroline-3-hydroxy-5-carboxylic acid
http://www.wikidata.org/entity/Q27103499,borneol
http://www.wikidata.org/entity/Q27103541,DL-5-hydroxytryptophan
http://www.wikidata.org/entity/Q27103763,2-deoxy-D-ribofuranose 1-phosphate
http://www.wikidata.org/entity/Q27103884,tetrahydropapaveroline
http://www.wikidata.org/entity/Q27104173,4-hydroxy-2-oxoglutaric acid
http://www.wikidata.org/entity/Q27104336,butenedioate
http://www.wikidata.org/entity/Q27104380,alpha-pinene
http://www.wikidata.org/entity/Q27104386,but-2-enoyl-CoA
http://www.wikidata.org/entity/Q27104388,perillic acid
http://www.wikidata.org/entity/Q27104874,(RS)-2-hydroxyisovaleric acid
http://www.wikidata.org/entity/Q27105549,5-hydroxy-DL-kynurenine
http://www.wikidata.org/entity/Q27105766,amprotropine
http://www.wikidata.org/entity/Q27105777,anethole
http://www.wikidata.org/entity/Q27107600,oxybutynin chloride
http://www.wikidata.org/entity/Q27108058,pralidoxime chloride
http://www.wikidata.org/entity/Q27109182,DL-norvaline
http://www.wikidata.org/entity/Q27109825,erythrulose
http://www.wikidata.org/entity/Q27109835,geranylgeraniol
http://www.wikidata.org/entity/Q27109839,glutaconic acid
http://www.wikidata.org/entity/Q27109917,stigmastane
http://www.wikidata.org/entity/Q27113920,homoserine
http://www.wikidata.org/entity/Q27114304,citronellyl formate
http://www.wikidata.org/entity/Q27114651,"(1R,5S)-3-{[(2S)-3-Hydroxy-2-phenylpropanoyl]oxy}-8,8-dimethyl-8-azoniabicyclo[3.2.1]octane bromide"
http://www.wikidata.org/entity/Q27116153,"benzo[a]pyrene-9,10-oxide"
http://www.wikidata.org/entity/Q27116207,"4,4'-dinitrostilbene-2,2'-disulfonic acid"
http://www.wikidata.org/entity/Q27116560,carane
http://www.wikidata.org/entity/Q27116668,octadec-9-enoic acid
http://www.wikidata.org/entity/Q27116670,vaccenic acid
http://www.wikidata.org/entity/Q27116923,3-(6-hydroxyindol-3-yl)lactic acid
http://www.wikidata.org/entity/Q27116967,dothiepin
http://www.wikidata.org/entity/Q27117024,3-hydroxy-2-methylbutanoic acid
http://www.wikidata.org/entity/Q27117052,hydrogen butenedioate
http://www.wikidata.org/entity/Q27117433,2-amino-3-hydroxybutanoic acid
http://www.wikidata.org/entity/Q27117611,pent-3-enoic acid
http://www.wikidata.org/entity/Q27117708,"9,11,13-octadecatrienoic acid"
http://www.wikidata.org/entity/Q27117833,"2,4-dichloromuconic acid"
http://www.wikidata.org/entity/Q27117843,3-chloromuconic acid
http://www.wikidata.org/entity/Q27117982,bis(perfluorobutyl)ethene
http://www.wikidata.org/entity/Q27118884,aminophenols
http://www.wikidata.org/entity/Q27118888,aminobenzoic acids
http://www.wikidata.org/entity/Q27120733,nitrobenzyl alcohol
http://www.wikidata.org/entity/Q27121253,2-phenylpropionic acid
http://www.wikidata.org/entity/Q27121553,gamma-bisabolene
http://www.wikidata.org/entity/Q27121616,diisopropylnaphthalene
http://www.wikidata.org/entity/Q27121647,stilbene oxide
http://www.wikidata.org/entity/Q27121853,thujone
http://www.wikidata.org/entity/Q27122051,(*)-atrolactic acid
http://www.wikidata.org/entity/Q27122081,2-decenoic acid
http://www.wikidata.org/entity/Q27122242,(*)-penicillamine
http://www.wikidata.org/entity/Q27123931,undecaprenyl diphosphate
http://www.wikidata.org/entity/Q27124250,7-chlorotryptophan
http://www.wikidata.org/entity/Q27128300,(RS)-2-hydroxypentanoic acid
http://www.wikidata.org/entity/Q27131349,dec-2-enal
http://www.wikidata.org/entity/Q27131674,aminothiophenols
http://www.wikidata.org/entity/Q27132436,succinimidyl 4-(N-maleimidomethyl)cyclohexane-1-carboxylate
http://www.wikidata.org/entity/Q27132956,19-HETE
http://www.wikidata.org/entity/Q27134979,myriaporone 3
http://www.wikidata.org/entity/Q27136951,(RS)-2-hydroxy-2-methylbutyric acid
http://www.wikidata.org/entity/Q27136996,3-amino-3-phenylpropanoic acid
http://www.wikidata.org/entity/Q27139079,2-hydroxytryptophan
http://www.wikidata.org/entity/Q27139081,4-hydroxytryptophan
http://www.wikidata.org/entity/Q27139082,7-hydroxytryptophan
http://www.wikidata.org/entity/Q27139225,DL-acetyltryptophan
http://www.wikidata.org/entity/Q27140166,"ethyl 2,4-hexadienoate"
http://www.wikidata.org/entity/Q27140242,O-isovalerylcarnitine
http://www.wikidata.org/entity/Q27144062,bromosuccinic acid
http://www.wikidata.org/entity/Q27147445,DL-5-fluorotryptophan
http://www.wikidata.org/entity/Q27149151,"1,2,2,3,3,4,7,7-octachloro-5,5-dimethyl-6-methylidenebicyclo[2.2.1]heptane"
http://www.wikidata.org/entity/Q27154917,3-octanol
http://www.wikidata.org/entity/Q27155526,"benzo[a]pyrene-11,12-epoxide"
http://www.wikidata.org/entity/Q27156492,(RS)-2-ethylhydracrylic acid
http://www.wikidata.org/entity/Q27156877,8:2 fluorotelomer unsaturated carboxylic acid
http://www.wikidata.org/entity/Q27158141,14-methylhexadecanoic acid
http://www.wikidata.org/entity/Q27158675,(9Z)-12-hydroxyoctadec-9-enoic acid
http://www.wikidata.org/entity/Q27158837,panobinostat DL-lactate
http://www.wikidata.org/entity/Q27159112,"3,4-dihydroxybutyric acid"
http://www.wikidata.org/entity/Q27159644,(EZ)-azophloxine
http://www.wikidata.org/entity/Q27159686,(*)-ethyl phenyllactate
http://www.wikidata.org/entity/Q27159707,isoamyl lactate
http://www.wikidata.org/entity/Q27160059,2-ethylhexyl hydrogen sulfate
http://www.wikidata.org/entity/Q27160414,Vanillactic acid
http://www.wikidata.org/entity/Q27161892,(2S)-homocystine
http://www.wikidata.org/entity/Q27162231,(RS)-4-hydroxyisovaleric acid
http://www.wikidata.org/entity/Q27162312,methyl DL-glutamate
http://www.wikidata.org/entity/Q27163058,"rac-1,2-di-O-dodecanylglycero-3-glutaric acid 6'-methylresorufin ester"
http://www.wikidata.org/entity/Q27163205,methylsuccinic acid
http://www.wikidata.org/entity/Q27163227,(RS)-rapamycin
http://www.wikidata.org/entity/Q27163260,cis/trans-linsitinib
http://www.wikidata.org/entity/Q27163383,4-[(1R)-1-hydroxy-2-(1-phenoxypropan-2-ylamino)propyl]phenol
http://www.wikidata.org/entity/Q27163652,DL-triiodothyronine
http://www.wikidata.org/entity/Q27163871,4-hydroxytamoxifen
http://www.wikidata.org/entity/Q27164112,"(2R)-3-(3,4-dihydroxyphenyl)-2-[3-(3,4-dihydroxyphenyl)-1-oxoprop-2-enoxy]propanoic acid"
http://www.wikidata.org/entity/Q27165473,nutlin-3
http://www.wikidata.org/entity/Q27166871,4'-hydroxytamoxifen
http://www.wikidata.org/entity/Q27167119,"(1S,3R,4R,5R)-3-[3-(3,4-dihydroxyphenyl)-1-oxoprop-2-enoxy]-1,4,5-trihydroxy-1-cyclohexanecarboxylic acid"
http://www.wikidata.org/entity/Q27187515,(E/Z)-4-methoxyresveratrol
http://www.wikidata.org/entity/Q27190018,*-ionone
http://www.wikidata.org/entity/Q27225731,DL-lactophosphoric acid
http://www.wikidata.org/entity/Q27236503,biperiden lactate
http://www.wikidata.org/entity/Q27237317,DL-selenomethionine se-75
http://www.wikidata.org/entity/Q27247569,atropine sulfate hydrate
http://www.wikidata.org/entity/Q27252212,(+/-)-salsolinol hydrochloride
http://www.wikidata.org/entity/Q27252277,barium DL-lactate
http://www.wikidata.org/entity/Q27252678,silver lactate
http://www.wikidata.org/entity/Q27252701,(all-R)-pentazocine DL-lactate
http://www.wikidata.org/entity/Q27253403,2-ethylhexyl L-(+)-lactate
http://www.wikidata.org/entity/Q27254478,(RS)-linalyl benzoate
http://www.wikidata.org/entity/Q27254865,(+/-)-tocainide hydrochloride
http://www.wikidata.org/entity/Q27255748,"2,4,6-trimethoxyamphetamine"
http://www.wikidata.org/entity/Q27257990,phenylmercuric DL-lactate
http://www.wikidata.org/entity/Q27258073,(+/-)-5-fluoro-AMP
http://www.wikidata.org/entity/Q27258454,*-terpinyl isovalerate
http://www.wikidata.org/entity/Q27258488,DL-carbocysteine
http://www.wikidata.org/entity/Q27259145,manganese DL-lactate trihydrate
http://www.wikidata.org/entity/Q27259262,"(1,2-dihydroxypropyl)phosphonic acid"
http://www.wikidata.org/entity/Q27259327,indenestrol A
http://www.wikidata.org/entity/Q27259531,calcium DL-lactate pentahydrate
http://www.wikidata.org/entity/Q27260247,(RS)-eflornithine hydrochloride hydrate
http://www.wikidata.org/entity/Q27262947,4-methyl-1-heptanol
http://www.wikidata.org/entity/Q27262988,glyceryl DL-1-lactate 3-palmitate
http://www.wikidata.org/entity/Q27263618,"(1R,3r,5S)-3-[(3-Hydroxy-2-phenylpropanoyl)oxy]-8,8-dimethyl-8-azoniabicyclo[3.2.1]octane bromide"
http://www.wikidata.org/entity/Q27264109,calcium DL-lactate monohydrate
http://www.wikidata.org/entity/Q27266686,(+/-)-propyl lactate
http://www.wikidata.org/entity/Q27270177,2-thiothinone
http://www.wikidata.org/entity/Q27271139,(*)-hyoscyamine borate
http://www.wikidata.org/entity/Q27271154,2-(4-hydroxyphthalimido)glutaric acid
http://www.wikidata.org/entity/Q27271990,"3',4'-methylenedioxy-*-pyrrolidinobutiophenone hydrochloride"
http://www.wikidata.org/entity/Q27273388,methcathinone hydrochloride
http://www.wikidata.org/entity/Q27274306,oleyl DL-lactate
http://www.wikidata.org/entity/Q27274482,dovitinib DL-lactate
http://www.wikidata.org/entity/Q27275189,bimethoxycaine DL-lactate
http://www.wikidata.org/entity/Q27276322,strontium DL-lactate
http://www.wikidata.org/entity/Q27276626,lysine DL-lactate
http://www.wikidata.org/entity/Q27277018,(RS)-2-aminopropanol
http://www.wikidata.org/entity/Q27277365,N-methyl-DL-aspartic acid
http://www.wikidata.org/entity/Q27279212,glycerol DL-2-lactate
http://www.wikidata.org/entity/Q27280868,DL-magnesium lactate dihydrate
http://www.wikidata.org/entity/Q27280908,DL-tryptophan mustard
http://www.wikidata.org/entity/Q27281431,N-(DL-gamma-glutamyl)-2-aminobutyric acid
http://www.wikidata.org/entity/Q27281510,indenestrol B
http://www.wikidata.org/entity/Q27282144,(*)-hyoscyamine sulfate
http://www.wikidata.org/entity/Q27282495,isononyl alcohol
http://www.wikidata.org/entity/Q27282506,sodium (RS)-phenyllactate
http://www.wikidata.org/entity/Q27282860,*-terpinyl butyrate
http://www.wikidata.org/entity/Q27284242,calcium DL-lactate trihydrate
http://www.wikidata.org/entity/Q27284472,pentyl DL-lactate
http://www.wikidata.org/entity/Q27286379,"1,3-naphthalenedisulfonic acid, 8-((3,3'-dimethyl-4'-((4-(((4-methylphenyl)sulfonyl)oxy)phenyl)azo)(1,1'-biphenyl)-4-yl)azo)-7-hydroxy-, disodium salt"
http://www.wikidata.org/entity/Q27287157,lead(II) DL-lactate
http://www.wikidata.org/entity/Q27287502,isoxsuprine DL-lactate
http://www.wikidata.org/entity/Q27287741,propylene glycol 2-oleate
http://www.wikidata.org/entity/Q27288116,"3-aminopropane-1,2-diol"
http://www.wikidata.org/entity/Q27288257,isobutyl 3-cyanoacrylate
http://www.wikidata.org/entity/Q27288521,methyl (RS)-3-hydroxybutyrate
http://www.wikidata.org/entity/Q27288787,"(RS)-2,5-dimethoxy-4-methylamphetamine hydrochloride"
http://www.wikidata.org/entity/Q27289113,6-(sec-butyl)quinoline
http://www.wikidata.org/entity/Q27289683,methylnaphthidate
http://www.wikidata.org/entity/Q27290177,"1,2-hexanediol"
http://www.wikidata.org/entity/Q27290582,flurtamone
http://www.wikidata.org/entity/Q27291165,(RS)-eflornithine hydrochloride
http://www.wikidata.org/entity/Q27291634,2-ethylhexyl DL-lactate
http://www.wikidata.org/entity/Q27294041,DL-5-hydroxytryptophan monohydrate
http://www.wikidata.org/entity/Q27294099,DL-magnesium lactate trihydrate
http://www.wikidata.org/entity/Q27295734,2-(3-hydroxyphthalimido)glutaric acid
http://www.wikidata.org/entity/Q27653850,Crinsarnine
http://www.wikidata.org/entity/Q27653856,Sarniensinol
http://www.wikidata.org/entity/Q27894349,"2-methyl-1,4-butanediol"
http://www.wikidata.org/entity/Q27902933,superphenalene
http://www.wikidata.org/entity/Q27949026,chloroaniline
http://www.wikidata.org/entity/Q27982916,"4,5-dehydropipecolic acid"
http://www.wikidata.org/entity/Q28453754,thorium compound
http://www.wikidata.org/entity/Q28455205,fluorosulfates
http://www.wikidata.org/entity/Q28531277,cis vernolic acid
http://www.wikidata.org/entity/Q28603617,stylopine
http://www.wikidata.org/entity/Q28816084,2-hydroxyoleic acid
http://www.wikidata.org/entity/Q29553692,citrinin
http://www.wikidata.org/entity/Q29863142,4-octanol
http://www.wikidata.org/entity/Q30118589,5-decene
http://www.wikidata.org/entity/Q30126674,"2,6-diaminopimelic acid"
http://www.wikidata.org/entity/Q30314969,fusarin
http://www.wikidata.org/entity/Q30588976,nickel compound
http://www.wikidata.org/entity/Q30681388,Zhan catalyst
http://www.wikidata.org/entity/Q30701917,acid anhydride
http://www.wikidata.org/entity/Q32904835,3-phosphoglyceric acid
http://www.wikidata.org/entity/Q33035232,triazene
http://www.wikidata.org/entity/Q33048589,bisindolylmaleimide
http://www.wikidata.org/entity/Q33616143,fatty acyl-CoA
http://www.wikidata.org/entity/Q33859433,Bromobenzaldehyde
http://www.wikidata.org/entity/Q37614694,C16 DHLactosylceramide (incomplete stereochemistry)
http://www.wikidata.org/entity/Q37864045,xylulose 5-phosphate
http://www.wikidata.org/entity/Q41588507,"1,5-diphenyl-1,4-pentadiene-3-one"
http://www.wikidata.org/entity/Q41798871,2-hydroxybutanal
http://www.wikidata.org/entity/Q42388262,quaternary phase
http://www.wikidata.org/entity/Q43394722,"4-[2-(2-amino-2-oxoethyl)-2,7-dihydroxy-4-oxochroman-5-yl]-3-hydroxybut-2-enoic acid"
http://www.wikidata.org/entity/Q44073650,atrovenetinone
http://www.wikidata.org/entity/Q44266647,conditionally essential amino acids
http://www.wikidata.org/entity/Q44266770,dispensable amino acids
http://www.wikidata.org/entity/Q46995757,phoratoxin
http://www.wikidata.org/entity/Q47005917,plutonium carbides
http://www.wikidata.org/entity/Q47038648,choline alfoscerate (not stereospecific)
http://www.wikidata.org/entity/Q47400224,homologue
http://www.wikidata.org/entity/Q47455957,naphthenes
http://www.wikidata.org/entity/Q47457972,saturated silicon hydride
http://www.wikidata.org/entity/Q47461827,defined set
http://www.wikidata.org/entity/Q48789850,orotomide
http://www.wikidata.org/entity/Q48970235,hexahydroxytriphenylene
http://www.wikidata.org/entity/Q48995664,monochlorophenol
http://www.wikidata.org/entity/Q48996881,cycloparaphenylene
http://www.wikidata.org/entity/Q48999272,aminoxyl radical
http://www.wikidata.org/entity/Q49000291,bromophenol
http://www.wikidata.org/entity/Q49851249,boron compound
http://www.wikidata.org/entity/Q49916468,nitrate
http://www.wikidata.org/entity/Q50308749,hypothetical chemical compound
http://www.wikidata.org/entity/Q50368930,neolignans
http://www.wikidata.org/entity/Q51399252,phomoxanthone
http://www.wikidata.org/entity/Q51617501,(E/Z)-ferulic acid
http://www.wikidata.org/entity/Q51627658,fecapentaene
http://www.wikidata.org/entity/Q54635665,"(E/Z)-1,3,3,3-tetrafluoropropene"
http://www.wikidata.org/entity/Q54666358,lanthanum carbonate hydrate
http://www.wikidata.org/entity/Q54727900,5-methyl-2-prop-1-en-2-ylcyclohexan-1-ol
http://www.wikidata.org/entity/Q55076544,cyanide
http://www.wikidata.org/entity/Q55186498,thiopental
http://www.wikidata.org/entity/Q55214070,2-amino-5-[2-[4-(hydroxymethyl)phenyl]hydrazinyl]-5-oxopentanoic acid
http://www.wikidata.org/entity/Q55231455,DL-fructose-6-phosphate
http://www.wikidata.org/entity/Q55261298,benzalkonium chloride
http://www.wikidata.org/entity/Q55431939,arsoles
http://www.wikidata.org/entity/Q55643619,Benzenetricarboxylic acid
http://www.wikidata.org/entity/Q55644206,Methylhistidine
http://www.wikidata.org/entity/Q55781166,fulleride
http://www.wikidata.org/entity/Q55950726,rokusho
http://www.wikidata.org/entity/Q56009873,elemenes
http://www.wikidata.org/entity/Q56012358,"4-(2-(5,5-dimethylhex-1-inyl)-cyclopropyl)imidazol"
http://www.wikidata.org/entity/Q56036918,"2-(2-ethyl-2-phenyl-1,3-dioxolan-4-yl)piperidine"
http://www.wikidata.org/entity/Q56042363,2-[5-[3-phenil-2-methylprop-2-enylidene]-4-oxo-2-thioxo-3-thiazolidinyl]acetic acid
http://www.wikidata.org/entity/Q56085723,(*)-ecgonidine
http://www.wikidata.org/entity/Q56229948,lactose (stereochemistry undefined)
http://www.wikidata.org/entity/Q56229989,"maltose (2 ring structure, not stereospecific)"
http://www.wikidata.org/entity/Q56231106,caffeic acid
http://www.wikidata.org/entity/Q56283350,iron compound
http://www.wikidata.org/entity/Q56291591,spiroligomer
http://www.wikidata.org/entity/Q56291822,bromoxylene
http://www.wikidata.org/entity/Q56380915,palladium compound
http://www.wikidata.org/entity/Q56397496,DL-threonic acid
http://www.wikidata.org/entity/Q56398233,magnesium compound
http://www.wikidata.org/entity/Q56433825,"6,7,8,9-tetrahydro-6,10-methano-6H-pyrazino(2,3-h)benzazepine"
http://www.wikidata.org/entity/Q56708982,hydrogen compound
http://www.wikidata.org/entity/Q56713250,chlorate
http://www.wikidata.org/entity/Q56810858,bicarbonate
http://www.wikidata.org/entity/Q56861923,"(3S,8R,9S,10S,13R,14S,17R)-17-[(2R)-5-ethyl-6-methylheptan-2-yl]-10,13-dimethyl-2,3,4,5,6,7,8,9,11,12,14,15,16,17-tetradecahydro-1H-cyclopenta[a]phenanthren-3-ol"
http://www.wikidata.org/entity/Q56867649,"4-[4-[4-[4-[[(5R)-5-(2,4-difluorophenyl)-5-(1,2,4-triazol-1-ylmethyl)oxolan-3-yl]methoxy]phenyl]piperazin-1-yl]phenyl]-2-[(2S,3S)-2-hydroxypentan-3-yl]-1,2,4-triazol-3-one"
http://www.wikidata.org/entity/Q56867856,"(S)-[(2R,5R)-5-ethenyl-1-azabicyclo[2.2.2]octan-2-yl]-quinolin-4-ylmethanol"
http://www.wikidata.org/entity/Q57502071,theonezolide A
http://www.wikidata.org/entity/Q57742340,"2-amino-6-(1,2-dihydroxy-propyl)-3H-pteridin-4-one"
http://www.wikidata.org/entity/Q57778592,DL-lanthionine
http://www.wikidata.org/entity/Q58119003,chlorite
http://www.wikidata.org/entity/Q58556571,benzodiazepinones
http://www.wikidata.org/entity/Q58556687,thiomalates
http://www.wikidata.org/entity/Q58622183,bis-trimethylammonium compounds
http://www.wikidata.org/entity/Q58879461,DL-homocystine
http://www.wikidata.org/entity/Q59298224,oasomycin A
http://www.wikidata.org/entity/Q59400516,argatroban monohydrate
http://www.wikidata.org/entity/Q59617355,acylglycerone phosphate
http://www.wikidata.org/entity/Q59622083,malonyl-[acyl-carrier protein]
http://www.wikidata.org/entity/Q59652821,"S-[2-[3-[[4-[[[(2R,3S,4R,5R)-5-(6-aminopurin-9-yl)-4-hydroxy-3-phosphonooxyoxolan-2-yl]methoxy-hydroxyphosphoryl]oxy-hydroxyphosphoryl]oxy-2-hydroxy-3,3-dimethylbutanoyl]amino]propanoylamino]ethyl] propanethioate"
http://www.wikidata.org/entity/Q59662097,centralite
http://www.wikidata.org/entity/Q59662497,ginsenoside
http://www.wikidata.org/entity/Q59690695,bafilomycin
http://www.wikidata.org/entity/Q59813520,uric acids
http://www.wikidata.org/entity/Q59849010,cucurbituril
http://www.wikidata.org/entity/Q59944374,3-butyl-5-(1-oxopropyl)indolizidine
http://www.wikidata.org/entity/Q60176530,citral
http://www.wikidata.org/entity/Q60193372,(2EZ)-crotonaldehyde
http://www.wikidata.org/entity/Q60194891,farnesol
http://www.wikidata.org/entity/Q60224961,phytocassane
http://www.wikidata.org/entity/Q60496209,(5-L-Glutamyl)-L-amino acid
http://www.wikidata.org/entity/Q60521125,dihydrothiophene
http://www.wikidata.org/entity/Q60538213,N-hydroxyarylamine
http://www.wikidata.org/entity/Q60539171,naphthylmedetomidine
http://www.wikidata.org/entity/Q60560042,"1,2-diacyl-sn-glycero-3-phospho-(1'-sn-glycerol-3'-phosphate)"
http://www.wikidata.org/entity/Q60573059,S-substituted glutathione
http://www.wikidata.org/entity/Q60616685,anthraquinone dyes
http://www.wikidata.org/entity/Q60662693,DL-isoleucine
http://www.wikidata.org/entity/Q60662943,DL-threonine
http://www.wikidata.org/entity/Q60711173,hydrogen acceptor
http://www.wikidata.org/entity/Q61504032,sulfine
http://www.wikidata.org/entity/Q61637544,di-allate
http://www.wikidata.org/entity/Q61741592,bromothiophene
http://www.wikidata.org/entity/Q61789816,methylthiophene
http://www.wikidata.org/entity/Q61856022,tribromoaniline
http://www.wikidata.org/entity/Q61959095,jojoba wax esters
http://www.wikidata.org/entity/Q61959342,piericidin
http://www.wikidata.org/entity/Q62000075,amurensin
http://www.wikidata.org/entity/Q62027723,granatins
http://www.wikidata.org/entity/Q62267185,"(RS)-2,5-dimethoxy-4-methylamphetamine"
http://www.wikidata.org/entity/Q62624377,diazaquinone
http://www.wikidata.org/entity/Q62669984,non-dependence-producing substance
http://www.wikidata.org/entity/Q62786689,undecaprenyl phosphate
http://www.wikidata.org/entity/Q63069405,piperidinedione
http://www.wikidata.org/entity/Q63287793,tetrahydrometalate
http://www.wikidata.org/entity/Q63381159,"1,4,5,6,7,7-hexachloro-2,2-bis(chloromethyl)-3-methylidenebicyclo[2.2.1]heptane"
http://www.wikidata.org/entity/Q63413189,Q63413189
http://www.wikidata.org/entity/Q63611085,lipoamide
http://www.wikidata.org/entity/Q64692893,phosphorus compound
http://www.wikidata.org/entity/Q64797497,branched glycerol dialkyl glycerol tetraethers
http://www.wikidata.org/entity/Q64827852,(+/-)-resiniferatoxin
http://www.wikidata.org/entity/Q64827893,Q64827893
http://www.wikidata.org/entity/Q65224810,dicitronellyl adipate
http://www.wikidata.org/entity/Q65224830,citronellyl oxalate
http://www.wikidata.org/entity/Q65224999,dilinalyl adipate
http://www.wikidata.org/entity/Q65225007,linalyl glutarate
http://www.wikidata.org/entity/Q65555915,potassium sodium DL-tartrate tetrahydrate
http://www.wikidata.org/entity/Q65658032,manganese compound
http://www.wikidata.org/entity/Q65952186,(EZ)-jasmone
http://www.wikidata.org/entity/Q66360952,brain natriuretic peptide
http://www.wikidata.org/entity/Q66765010,biological factors
http://www.wikidata.org/entity/Q67383506,tin compound
http://www.wikidata.org/entity/Q67457558,selenium compounds
http://www.wikidata.org/entity/Q67513920,iodoacetates
http://www.wikidata.org/entity/Q67529343,propanols
http://www.wikidata.org/entity/Q68541106,antimicrobial agent
http://www.wikidata.org/entity/Q69647353,maltene
http://www.wikidata.org/entity/Q70009047,pyrogallolarene
http://www.wikidata.org/entity/Q70082418,aluminum compound
http://www.wikidata.org/entity/Q70717002,leptazolines
http://www.wikidata.org/entity/Q71704041,(E/Z)-doxepin
http://www.wikidata.org/entity/Q71782942,pnictogen compound
http://www.wikidata.org/entity/Q72073013,sulfur compound
http://www.wikidata.org/entity/Q72077489,dithionate
http://www.wikidata.org/entity/Q72135525,bromine compound
http://www.wikidata.org/entity/Q72155051,non-covalently-bound molecular entity
http://www.wikidata.org/entity/Q72255475,(3EZ)-violacein
http://www.wikidata.org/entity/Q72399431,antimony compound
http://www.wikidata.org/entity/Q72406844,titanium compound
http://www.wikidata.org/entity/Q72479642,furancarboxylic acid pentyl ester
http://www.wikidata.org/entity/Q72488200,DL-mannitol
http://www.wikidata.org/entity/Q72507985,sodium levothyroxine hydrate
http://www.wikidata.org/entity/Q72694863,lithium compound
http://www.wikidata.org/entity/Q72695611,chlorine compound
http://www.wikidata.org/entity/Q72700104,ruthenium arene PTA
http://www.wikidata.org/entity/Q73040934,helenin
http://www.wikidata.org/entity/Q74809439,vanadium compound
http://www.wikidata.org/entity/Q74809581,chromium compound
http://www.wikidata.org/entity/Q74832966,silver compound
http://www.wikidata.org/entity/Q74833647,ruthenium compound
http://www.wikidata.org/entity/Q74835190,osmium compound
http://www.wikidata.org/entity/Q74865232,scopolamine derivative
http://www.wikidata.org/entity/Q74891064,tungsten compound
http://www.wikidata.org/entity/Q74896917,platinum compound
http://www.wikidata.org/entity/Q74898472,technetium compound
http://www.wikidata.org/entity/Q75027399,organic halide
http://www.wikidata.org/entity/Q75109294,zirconium compound
http://www.wikidata.org/entity/Q75109774,hafnium compound
http://www.wikidata.org/entity/Q75110159,niobium compound
http://www.wikidata.org/entity/Q75110844,tantalum compound
http://www.wikidata.org/entity/Q76021587,rubidium compound
http://www.wikidata.org/entity/Q76178492,metalloenediyne
http://www.wikidata.org/entity/Q76789134,iridium compound
http://www.wikidata.org/entity/Q76888819,antimycins
http://www.wikidata.org/entity/Q77375896,Curacin B
http://www.wikidata.org/entity/Q77489606,Pyrroindomycin A
http://www.wikidata.org/entity/Q78050120,molybdenum compound
http://www.wikidata.org/entity/Q78185357,atrial natriuretic peptide
http://www.wikidata.org/entity/Q80823050,bromo bullvalenes
http://www.wikidata.org/entity/Q81976595,(*)-Allococaine
http://www.wikidata.org/entity/Q81977389,cis-3-Methylfentanyl
http://www.wikidata.org/entity/Q82003852,(3-(4-fluorophenyl)-3-hydroxy-hex-5-enyl)trimethylammonium iodide
http://www.wikidata.org/entity/Q82006277,1-chloro-3-methylheptane
http://www.wikidata.org/entity/Q82027168,"1,4-diethyl-2,3-dibromobutanedioate"
http://www.wikidata.org/entity/Q82966045,(1-Cyclohexyl-3-phenylaziridin-2-yl)(4-methylphenyl)methanone
http://www.wikidata.org/entity/Q84704641,neptunium compound
http://www.wikidata.org/entity/Q85021293,radium compound
http://www.wikidata.org/entity/Q93346928,salbutamol (stereoaspecific)
http://www.wikidata.org/entity/Q96621328,1-(Z-alk-1-enyl)-sn-glycero-3-phosphoethanolamine
http://www.wikidata.org/entity/Q96621337,1-(Z)-alk-1-enyl-2-acyl-sn-glycero-3-phosphoethanolamine
http://www.wikidata.org/entity/Q97012654,Aniline derivative
